product_id,title,product_description,rating,ratings_count,initial_price,discount,final_price,currency,images,delivery_options,product_details,breadcrumbs,product_specifications,amount_of_stars,what_customers_said,seller_name,sizes,videos,seller_information,variations,best_offer,more_offers,category
56123456,Nike shoes,Nike premium shoes for daily wear,4.6,555,6714.0,35.0,₹4364,INR,https://images.unsplash.com/photo-1542291026-7eec264c27ff,"[""Cash on Delivery"", ""Easy Returns""]","{""description"": ""Comfortable and stylish"", ""material_and_care"": ""Machine wash"", ""size_and_fit"": ""Regular fit""}","[{""name"": ""shoes""}]","[{""specification_name"": ""Brand"", ""specification_value"": ""Nike""}]","{""1_star"": 31, ""2_stars"": 24, ""3_stars"": 28, ""4_stars"": 198, ""5_stars"": 541}",,Nike Store,"[{""size"": ""43""}]",,,{},"{""offer_name"": ""Bank Discount""}","[{""offer_name"": ""No Cost EMI""}]",shoes
56123457,Reebok shoes,Reebok premium shoes for daily wear,4.4,1231,1614.0,53.0,₹758,INR,https://images.unsplash.com/photo-1542291026-7eec264c27ff,"[""Cash on Delivery"", ""Easy Returns""]","{""description"": ""Comfortable and stylish"", ""material_and_care"": ""Machine wash"", ""size_and_fit"": ""Regular fit""}","[{""name"": ""shoes""}]","[{""specification_name"": ""Brand"", ""specification_value"": ""Reebok""}]","{""1_star"": 70, ""2_stars"": 103, ""3_stars"": 164, ""4_stars"": 323, ""5_stars"": 1182}",,Reebok Store,"[{""size"": ""43""}]",,,{},"{""offer_name"": ""Bank Discount""}","[{""offer_name"": ""No Cost EMI""}]",shoes
56123458,Adidas shoes,Adidas premium shoes for daily wear,4.4,141,3160.0,55.0,₹1421,INR,https://images.unsplash.com/photo-1542291026-7eec264c27ff,"[""Cash on Delivery"", ""Easy Returns""]","{""description"": ""Comfortable and stylish"", ""material_and_care"": ""Machine wash"", ""size_and_fit"": ""Regular fit""}","[{""name"": ""shoes""}]","[{""specification_name"": ""Brand"", ""specification_value"": ""Adidas""}]","{""1_star"": 6, ""2_stars"": 13, ""3_stars"": 5, ""4_stars"": 62, ""5_stars"": 88}",,Adidas Store,"[{""size"": ""XL""}]",,,{},"{""offer_name"": ""Bank Discount""}","[{""offer_name"": ""No Cost EMI""}]",shoes
56123459,Levis clothing,Levis premium clothing for daily wear,3.9,386,5491.0,29.0,₹3898,INR,https://media.burford.co.uk/images/SNY04089.jpg_edit.width-2880_JNMp3hpjYtNM3610.jpg,"[""Cash on Delivery"", ""Easy Returns""]","{""description"": ""Comfortable and stylish"", ""material_and_care"": ""Machine wash"", ""size_and_fit"": ""Regular fit""}","[{""name"": ""clothing""}]","[{""specification_name"": ""Brand"", ""specification_value"": ""Levis""}]","{""1_star"": 7, ""2_stars"": 15, ""3_stars"": 7, ""4_stars"": 168, ""5_stars"": 223}",,Levis Store,"[{""size"": ""S""}]",,,{},"{""offer_name"": ""Bank Discount""}","[{""offer_name"": ""No Cost EMI""}]",clothing
56123460,Levis clothing,Levis premium clothing for daily wear,4.5,661,2619.0,53.0,₹1230,INR,https://media.burford.co.uk/images/SNY04089.jpg_edit.width-2880_JNMp3hpjYtNM3610.jpg,"[""Cash on Delivery"", ""Easy Returns""]","{""description"": ""Comfortable and stylish"", ""material_and_care"": ""Machine wash"", ""size_and_fit"": ""Regular fit""}","[{""name"": ""clothing""}]","[{""specification_name"": ""Brand"", ""specification_value"": ""Levis""}]","{""1_star"": 49, ""2_stars"": 47, ""3_stars"": 128, ""4_stars"": 70, ""5_stars"": 524}",,Levis Store,"[{""size"": ""L""}]",,,{},"{""offer_name"": ""Bank Discount""}","[{""offer_name"": ""No Cost EMI""}]",clothing
56123461,Levis clothing,Levis premium clothing for daily wear,4.1,709,7974.0,58.0,₹3349,INR,https://media.burford.co.uk/images/SNY04089.jpg_edit.width-2880_JNMp3hpjYtNM3610.jpg,"[""Cash on Delivery"", ""Easy Returns""]","{""description"": ""Comfortable and stylish"", ""material_and_care"": ""Machine wash"", ""size_and_fit"": ""Regular fit""}","[{""name"": ""clothing""}]","[{""specification_name"": ""Brand"", ""specification_value"": ""Levis""}]","{""1_star"": 61, ""2_stars"": 40, ""3_stars"": 25, ""4_stars"": 259, ""5_stars"": 570}",,Levis Store,"[{""size"": ""S""}]",,,{},"{""offer_name"": ""Bank Discount""}","[{""offer_name"": ""No Cost EMI""}]",clothing
56123462,Nike shoes,Nike premium shoes for daily wear,3.9,281,822.0,40.0,₹493,INR,https://images.unsplash.com/photo-1542291026-7eec264c27ff,"[""Cash on Delivery"", ""Easy Returns""]","{""description"": ""Comfortable and stylish"", ""material_and_care"": ""Machine wash"", ""size_and_fit"": ""Regular fit""}","[{""name"": ""shoes""}]","[{""specification_name"": ""Brand"", ""specification_value"": ""Nike""}]","{""1_star"": 0, ""2_stars"": 21, ""3_stars"": 41, ""4_stars"": 124, ""5_stars"": 169}",,Nike Store,"[{""size"": ""42""}]",,,{},"{""offer_name"": ""Bank Discount""}","[{""offer_name"": ""No Cost EMI""}]",shoes
56123463,Zara clothing,Zara premium clothing for daily wear,4.1,455,6478.0,29.0,₹4599,INR,https://media.burford.co.uk/images/SNY04089.jpg_edit.width-2880_JNMp3hpjYtNM3610.jpg,"[""Cash on Delivery"", ""Easy Returns""]","{""description"": ""Comfortable and stylish"", ""material_and_care"": ""Machine wash"", ""size_and_fit"": ""Regular fit""}","[{""name"": ""clothing""}]","[{""specification_name"": ""Brand"", ""specification_value"": ""Zara""}]","{""1_star"": 1, ""2_stars"": 37, ""3_stars"": 57, ""4_stars"": 130, ""5_stars"": 303}",,Zara Store,"[{""size"": ""L""}]",,,{},"{""offer_name"": ""Bank Discount""}","[{""offer_name"": ""No Cost EMI""}]",clothing
56123464,H&M clothing,H&M premium clothing for daily wear,3.7,1917,2963.0,59.0,₹1214,INR,https://media.burford.co.uk/images/SNY04089.jpg_edit.width-2880_JNMp3hpjYtNM3610.jpg,"[""Cash on Delivery"", ""Easy Returns""]","{""description"": ""Comfortable and stylish"", ""material_and_care"": ""Machine wash"", ""size_and_fit"": ""Regular fit""}","[{""name"": ""clothing""}]","[{""specification_name"": ""Brand"", ""specification_value"": ""H&M""}]","{""1_star"": 75, ""2_stars"": 98, ""3_stars"": 339, ""4_stars"": 388, ""5_stars"": 1256}",,H&M Store,"[{""size"": ""42""}]",,,{},"{""offer_name"": ""Bank Discount""}","[{""offer_name"": ""No Cost EMI""}]",clothing
56123465,Roadster clothing,Roadster premium clothing for daily wear,3.9,1187,4084.0,11.0,₹3634,INR,https://media.burford.co.uk/images/SNY04089.jpg_edit.width-2880_JNMp3hpjYtNM3610.jpg,"[""Cash on Delivery"", ""Easy Returns""]","{""description"": ""Comfortable and stylish"", ""material_and_care"": ""Machine wash"", ""size_and_fit"": ""Regular fit""}","[{""name"": ""clothing""}]","[{""specification_name"": ""Brand"", ""specification_value"": ""Roadster""}]","{""1_star"": 5, ""2_stars"": 76, ""3_stars"": 110, ""4_stars"": 461, ""5_stars"": 689}",,Roadster Store,"[{""size"": ""S""}]",,,{},"{""offer_name"": ""Bank Discount""}","[{""offer_name"": ""No Cost EMI""}]",clothing
56123466,Zara clothing,Zara premium clothing for daily wear,3.8,88,6070.0,55.0,₹2731,INR,https://media.burford.co.uk/images/SNY04089.jpg_edit.width-2880_JNMp3hpjYtNM3610.jpg,"[""Cash on Delivery"", ""Easy Returns""]","{""description"": ""Comfortable and stylish"", ""material_and_care"": ""Machine wash"", ""size_and_fit"": ""Regular fit""}","[{""name"": ""clothing""}]","[{""specification_name"": ""Brand"", ""specification_value"": ""Zara""}]","{""1_star"": 4, ""2_stars"": 8, ""3_stars"": 3, ""4_stars"": 17, ""5_stars"": 56}",,Zara Store,"[{""size"": ""M""}]",,,{},"{""offer_name"": ""Bank Discount""}","[{""offer_name"": ""No Cost EMI""}]",clothing
56123467,H&M clothing,H&M premium clothing for daily wear,4.0,444,6805.0,10.0,₹6124,INR,https://media.burford.co.uk/images/SNY04089.jpg_edit.width-2880_JNMp3hpjYtNM3610.jpg,"[""Cash on Delivery"", ""Easy Returns""]","{""description"": ""Comfortable and stylish"", ""material_and_care"": ""Machine wash"", ""size_and_fit"": ""Regular fit""}","[{""name"": ""clothing""}]","[{""specification_name"": ""Brand"", ""specification_value"": ""H&M""}]","{""1_star"": 36, ""2_stars"": 18, ""3_stars"": 30, ""4_stars"": 93, ""5_stars"": 224}",,H&M Store,"[{""size"": ""S""}]",,,{},"{""offer_name"": ""Bank Discount""}","[{""offer_name"": ""No Cost EMI""}]",clothing
56123468,Roadster clothing,Roadster premium clothing for daily wear,4.6,1988,4373.0,38.0,₹2711,INR,https://media.burford.co.uk/images/SNY04089.jpg_edit.width-2880_JNMp3hpjYtNM3610.jpg,"[""Cash on Delivery"", ""Easy Returns""]","{""description"": ""Comfortable and stylish"", ""material_and_care"": ""Machine wash"", ""size_and_fit"": ""Regular fit""}","[{""name"": ""clothing""}]","[{""specification_name"": ""Brand"", ""specification_value"": ""Roadster""}]","{""1_star"": 137, ""2_stars"": 33, ""3_stars"": 326, ""4_stars"": 310, ""5_stars"": 1155}",,Roadster Store,"[{""size"": ""S""}]",,,{},"{""offer_name"": ""Bank Discount""}","[{""offer_name"": ""No Cost EMI""}]",clothing
56123469,H&M clothing,H&M premium clothing for daily wear,4.5,1289,2249.0,58.0,₹944,INR,https://media.burford.co.uk/images/SNY04089.jpg_edit.width-2880_JNMp3hpjYtNM3610.jpg,"[""Cash on Delivery"", ""Easy Returns""]","{""description"": ""Comfortable and stylish"", ""material_and_care"": ""Machine wash"", ""size_and_fit"": ""Regular fit""}","[{""name"": ""clothing""}]","[{""specification_name"": ""Brand"", ""specification_value"": ""H&M""}]","{""1_star"": 60, ""2_stars"": 99, ""3_stars"": 69, ""4_stars"": 133, ""5_stars"": 1020}",,H&M Store,"[{""size"": ""42""}]",,,{},"{""offer_name"": ""Bank Discount""}","[{""offer_name"": ""No Cost EMI""}]",clothing
56123470,H&M clothing,H&M premium clothing for daily wear,4.3,489,7836.0,57.0,₹3369,INR,https://media.burford.co.uk/images/SNY04089.jpg_edit.width-2880_JNMp3hpjYtNM3610.jpg,"[""Cash on Delivery"", ""Easy Returns""]","{""description"": ""Comfortable and stylish"", ""material_and_care"": ""Machine wash"", ""size_and_fit"": ""Regular fit""}","[{""name"": ""clothing""}]","[{""specification_name"": ""Brand"", ""specification_value"": ""H&M""}]","{""1_star"": 7, ""2_stars"": 24, ""3_stars"": 67, ""4_stars"": 204, ""5_stars"": 255}",,H&M Store,"[{""size"": ""M""}]",,,{},"{""offer_name"": ""Bank Discount""}","[{""offer_name"": ""No Cost EMI""}]",clothing
56123471,H&M clothing,H&M premium clothing for daily wear,3.7,661,3141.0,48.0,₹1633,INR,https://media.burford.co.uk/images/SNY04089.jpg_edit.width-2880_JNMp3hpjYtNM3610.jpg,"[""Cash on Delivery"", ""Easy Returns""]","{""description"": ""Comfortable and stylish"", ""material_and_care"": ""Machine wash"", ""size_and_fit"": ""Regular fit""}","[{""name"": ""clothing""}]","[{""specification_name"": ""Brand"", ""specification_value"": ""H&M""}]","{""1_star"": 58, ""2_stars"": 1, ""3_stars"": 111, ""4_stars"": 262, ""5_stars"": 374}",,H&M Store,"[{""size"": ""L""}]",,,{},"{""offer_name"": ""Bank Discount""}","[{""offer_name"": ""No Cost EMI""}]",clothing
56123472,Puma shoes,Puma premium shoes for daily wear,4.3,733,2724.0,10.0,₹2451,INR,https://images.unsplash.com/photo-1542291026-7eec264c27ff,"[""Cash on Delivery"", ""Easy Returns""]","{""description"": ""Comfortable and stylish"", ""material_and_care"": ""Machine wash"", ""size_and_fit"": ""Regular fit""}","[{""name"": ""shoes""}]","[{""specification_name"": ""Brand"", ""specification_value"": ""Puma""}]","{""1_star"": 50, ""2_stars"": 3, ""3_stars"": 86, ""4_stars"": 3, ""5_stars"": 409}",,Puma Store,"[{""size"": ""XL""}]",,,{},"{""offer_name"": ""Bank Discount""}","[{""offer_name"": ""No Cost EMI""}]",shoes
56123473,Adidas shoes,Adidas premium shoes for daily wear,4.2,970,6537.0,51.0,₹3203,INR,https://images.unsplash.com/photo-1542291026-7eec264c27ff,"[""Cash on Delivery"", ""Easy Returns""]","{""description"": ""Comfortable and stylish"", ""material_and_care"": ""Machine wash"", ""size_and_fit"": ""Regular fit""}","[{""name"": ""shoes""}]","[{""specification_name"": ""Brand"", ""specification_value"": ""Adidas""}]","{""1_star"": 60, ""2_stars"": 31, ""3_stars"": 34, ""4_stars"": 247, ""5_stars"": 588}",,Adidas Store,"[{""size"": ""42""}]",,,{},"{""offer_name"": ""Bank Discount""}","[{""offer_name"": ""No Cost EMI""}]",shoes
56123474,Nike shoes,Nike premium shoes for daily wear,3.9,1730,4472.0,43.0,₹2549,INR,https://images.unsplash.com/photo-1542291026-7eec264c27ff,"[""Cash on Delivery"", ""Easy Returns""]","{""description"": ""Comfortable and stylish"", ""material_and_care"": ""Machine wash"", ""size_and_fit"": ""Regular fit""}","[{""name"": ""shoes""}]","[{""specification_name"": ""Brand"", ""specification_value"": ""Nike""}]","{""1_star"": 122, ""2_stars"": 83, ""3_stars"": 292, ""4_stars"": 430, ""5_stars"": 1657}",,Nike Store,"[{""size"": ""S""}]",,,{},"{""offer_name"": ""Bank Discount""}","[{""offer_name"": ""No Cost EMI""}]",shoes
56123475,Roadster clothing,Roadster premium clothing for daily wear,4.3,377,6319.0,55.0,₹2843,INR,https://media.burford.co.uk/images/SNY04089.jpg_edit.width-2880_JNMp3hpjYtNM3610.jpg,"[""Cash on Delivery"", ""Easy Returns""]","{""description"": ""Comfortable and stylish"", ""material_and_care"": ""Machine wash"", ""size_and_fit"": ""Regular fit""}","[{""name"": ""clothing""}]","[{""specification_name"": ""Brand"", ""specification_value"": ""Roadster""}]","{""1_star"": 7, ""2_stars"": 35, ""3_stars"": 24, ""4_stars"": 87, ""5_stars"": 338}",,Roadster Store,"[{""size"": ""43""}]",,,{},"{""offer_name"": ""Bank Discount""}","[{""offer_name"": ""No Cost EMI""}]",clothing
56123476,H&M clothing,H&M premium clothing for daily wear,4.4,1050,5639.0,33.0,₹3778,INR,https://media.burford.co.uk/images/SNY04089.jpg_edit.width-2880_JNMp3hpjYtNM3610.jpg,"[""Cash on Delivery"", ""Easy Returns""]","{""description"": ""Comfortable and stylish"", ""material_and_care"": ""Machine wash"", ""size_and_fit"": ""Regular fit""}","[{""name"": ""clothing""}]","[{""specification_name"": ""Brand"", ""specification_value"": ""H&M""}]","{""1_star"": 41, ""2_stars"": 76, ""3_stars"": 129, ""4_stars"": 522, ""5_stars"": 557}",,H&M Store,"[{""size"": ""L""}]",,,{},"{""offer_name"": ""Bank Discount""}","[{""offer_name"": ""No Cost EMI""}]",clothing
56123477,Puma shoes,Puma premium shoes for daily wear,4.4,688,3854.0,48.0,₹2004,INR,https://images.unsplash.com/photo-1542291026-7eec264c27ff,"[""Cash on Delivery"", ""Easy Returns""]","{""description"": ""Comfortable and stylish"", ""material_and_care"": ""Machine wash"", ""size_and_fit"": ""Regular fit""}","[{""name"": ""shoes""}]","[{""specification_name"": ""Brand"", ""specification_value"": ""Puma""}]","{""1_star"": 11, ""2_stars"": 65, ""3_stars"": 20, ""4_stars"": 324, ""5_stars"": 445}",,Puma Store,"[{""size"": ""42""}]",,,{},"{""offer_name"": ""Bank Discount""}","[{""offer_name"": ""No Cost EMI""}]",shoes
56123478,Levis clothing,Levis premium clothing for daily wear,4.4,643,2597.0,17.0,₹2155,INR,https://media.burford.co.uk/images/SNY04089.jpg_edit.width-2880_JNMp3hpjYtNM3610.jpg,"[""Cash on Delivery"", ""Easy Returns""]","{""description"": ""Comfortable and stylish"", ""material_and_care"": ""Machine wash"", ""size_and_fit"": ""Regular fit""}","[{""name"": ""clothing""}]","[{""specification_name"": ""Brand"", ""specification_value"": ""Levis""}]","{""1_star"": 31, ""2_stars"": 13, ""3_stars"": 85, ""4_stars"": 263, ""5_stars"": 627}",,Levis Store,"[{""size"": ""43""}]",,,{},"{""offer_name"": ""Bank Discount""}","[{""offer_name"": ""No Cost EMI""}]",clothing
56123479,Reebok shoes,Reebok premium shoes for daily wear,4.2,222,4738.0,50.0,₹2369,INR,https://images.unsplash.com/photo-1542291026-7eec264c27ff,"[""Cash on Delivery"", ""Easy Returns""]","{""description"": ""Comfortable and stylish"", ""material_and_care"": ""Machine wash"", ""size_and_fit"": ""Regular fit""}","[{""name"": ""shoes""}]","[{""specification_name"": ""Brand"", ""specification_value"": ""Reebok""}]","{""1_star"": 21, ""2_stars"": 18, ""3_stars"": 9, ""4_stars"": 74, ""5_stars"": 187}",,Reebok Store,"[{""size"": ""43""}]",,,{},"{""offer_name"": ""Bank Discount""}","[{""offer_name"": ""No Cost EMI""}]",shoes
56123480,Zara clothing,Zara premium clothing for daily wear,3.9,1437,7502.0,47.0,₹3976,INR,https://media.burford.co.uk/images/SNY04089.jpg_edit.width-2880_JNMp3hpjYtNM3610.jpg,"[""Cash on Delivery"", ""Easy Returns""]","{""description"": ""Comfortable and stylish"", ""material_and_care"": ""Machine wash"", ""size_and_fit"": ""Regular fit""}","[{""name"": ""clothing""}]","[{""specification_name"": ""Brand"", ""specification_value"": ""Zara""}]","{""1_star"": 86, ""2_stars"": 68, ""3_stars"": 149, ""4_stars"": 503, ""5_stars"": 1418}",,Zara Store,"[{""size"": ""L""}]",,,{},"{""offer_name"": ""Bank Discount""}","[{""offer_name"": ""No Cost EMI""}]",clothing
56123481,Puma shoes,Puma premium shoes for daily wear,3.7,203,1955.0,49.0,₹997,INR,https://images.unsplash.com/photo-1542291026-7eec264c27ff,"[""Cash on Delivery"", ""Easy Returns""]","{""description"": ""Comfortable and stylish"", ""material_and_care"": ""Machine wash"", ""size_and_fit"": ""Regular fit""}","[{""name"": ""shoes""}]","[{""specification_name"": ""Brand"", ""specification_value"": ""Puma""}]","{""1_star"": 10, ""2_stars"": 2, ""3_stars"": 9, ""4_stars"": 100, ""5_stars"": 139}",,Puma Store,"[{""size"": ""43""}]",,,{},"{""offer_name"": ""Bank Discount""}","[{""offer_name"": ""No Cost EMI""}]",shoes
56123482,Puma shoes,Puma premium shoes for daily wear,4.4,211,5258.0,16.0,₹4416,INR,https://images.unsplash.com/photo-1542291026-7eec264c27ff,"[""Cash on Delivery"", ""Easy Returns""]","{""description"": ""Comfortable and stylish"", ""material_and_care"": ""Machine wash"", ""size_and_fit"": ""Regular fit""}","[{""name"": ""shoes""}]","[{""specification_name"": ""Brand"", ""specification_value"": ""Puma""}]","{""1_star"": 7, ""2_stars"": 10, ""3_stars"": 34, ""4_stars"": 32, ""5_stars"": 145}",,Puma Store,"[{""size"": ""M""}]",,,{},"{""offer_name"": ""Bank Discount""}","[{""offer_name"": ""No Cost EMI""}]",shoes
56123483,Puma shoes,Puma premium shoes for daily wear,3.8,1207,6697.0,21.0,₹5290,INR,https://images.unsplash.com/photo-1542291026-7eec264c27ff,"[""Cash on Delivery"", ""Easy Returns""]","{""description"": ""Comfortable and stylish"", ""material_and_care"": ""Machine wash"", ""size_and_fit"": ""Regular fit""}","[{""name"": ""shoes""}]","[{""specification_name"": ""Brand"", ""specification_value"": ""Puma""}]","{""1_star"": 98, ""2_stars"": 67, ""3_stars"": 46, ""4_stars"": 550, ""5_stars"": 607}",,Puma Store,"[{""size"": ""XL""}]",,,{},"{""offer_name"": ""Bank Discount""}","[{""offer_name"": ""No Cost EMI""}]",shoes
56123484,Adidas shoes,Adidas premium shoes for daily wear,4.5,1795,5908.0,30.0,₹4135,INR,https://images.unsplash.com/photo-1542291026-7eec264c27ff,"[""Cash on Delivery"", ""Easy Returns""]","{""description"": ""Comfortable and stylish"", ""material_and_care"": ""Machine wash"", ""size_and_fit"": ""Regular fit""}","[{""name"": ""shoes""}]","[{""specification_name"": ""Brand"", ""specification_value"": ""Adidas""}]","{""1_star"": 52, ""2_stars"": 160, ""3_stars"": 263, ""4_stars"": 417, ""5_stars"": 1439}",,Adidas Store,"[{""size"": ""L""}]",,,{},"{""offer_name"": ""Bank Discount""}","[{""offer_name"": ""No Cost EMI""}]",shoes
56123485,Nike shoes,Nike premium shoes for daily wear,3.8,1074,5388.0,30.0,₹3771,INR,https://images.unsplash.com/photo-1542291026-7eec264c27ff,"[""Cash on Delivery"", ""Easy Returns""]","{""description"": ""Comfortable and stylish"", ""material_and_care"": ""Machine wash"", ""size_and_fit"": ""Regular fit""}","[{""name"": ""shoes""}]","[{""specification_name"": ""Brand"", ""specification_value"": ""Nike""}]","{""1_star"": 37, ""2_stars"": 87, ""3_stars"": 156, ""4_stars"": 319, ""5_stars"": 726}",,Nike Store,"[{""size"": ""43""}]",,,{},"{""offer_name"": ""Bank Discount""}","[{""offer_name"": ""No Cost EMI""}]",shoes
56123486,Puma shoes,Puma premium shoes for daily wear,4.7,1366,5649.0,31.0,₹3897,INR,https://images.unsplash.com/photo-1542291026-7eec264c27ff,"[""Cash on Delivery"", ""Easy Returns""]","{""description"": ""Comfortable and stylish"", ""material_and_care"": ""Machine wash"", ""size_and_fit"": ""Regular fit""}","[{""name"": ""shoes""}]","[{""specification_name"": ""Brand"", ""specification_value"": ""Puma""}]","{""1_star"": 20, ""2_stars"": 17, ""3_stars"": 75, ""4_stars"": 11, ""5_stars"": 994}",,Puma Store,"[{""size"": ""XL""}]",,,{},"{""offer_name"": ""Bank Discount""}","[{""offer_name"": ""No Cost EMI""}]",shoes
56123487,Nike shoes,Nike premium shoes for daily wear,4.7,554,1868.0,42.0,₹1083,INR,https://images.unsplash.com/photo-1542291026-7eec264c27ff,"[""Cash on Delivery"", ""Easy Returns""]","{""description"": ""Comfortable and stylish"", ""material_and_care"": ""Machine wash"", ""size_and_fit"": ""Regular fit""}","[{""name"": ""shoes""}]","[{""specification_name"": ""Brand"", ""specification_value"": ""Nike""}]","{""1_star"": 4, ""2_stars"": 53, ""3_stars"": 30, ""4_stars"": 151, ""5_stars"": 340}",,Nike Store,"[{""size"": ""43""}]",,,{},"{""offer_name"": ""Bank Discount""}","[{""offer_name"": ""No Cost EMI""}]",shoes
56123488,Puma shoes,Puma premium shoes for daily wear,4.6,224,2901.0,37.0,₹1827,INR,https://images.unsplash.com/photo-1542291026-7eec264c27ff,"[""Cash on Delivery"", ""Easy Returns""]","{""description"": ""Comfortable and stylish"", ""material_and_care"": ""Machine wash"", ""size_and_fit"": ""Regular fit""}","[{""name"": ""shoes""}]","[{""specification_name"": ""Brand"", ""specification_value"": ""Puma""}]","{""1_star"": 2, ""2_stars"": 19, ""3_stars"": 42, ""4_stars"": 49, ""5_stars"": 140}",,Puma Store,"[{""size"": ""S""}]",,,{},"{""offer_name"": ""Bank Discount""}","[{""offer_name"": ""No Cost EMI""}]",shoes
56123489,Puma shoes,Puma premium shoes for daily wear,4.1,1347,1783.0,38.0,₹1105,INR,https://images.unsplash.com/photo-1542291026-7eec264c27ff,"[""Cash on Delivery"", ""Easy Returns""]","{""description"": ""Comfortable and stylish"", ""material_and_care"": ""Machine wash"", ""size_and_fit"": ""Regular fit""}","[{""name"": ""shoes""}]","[{""specification_name"": ""Brand"", ""specification_value"": ""Puma""}]","{""1_star"": 51, ""2_stars"": 93, ""3_stars"": 215, ""4_stars"": 483, ""5_stars"": 1067}",,Puma Store,"[{""size"": ""M""}]",,,{},"{""offer_name"": ""Bank Discount""}","[{""offer_name"": ""No Cost EMI""}]",shoes
56123490,H&M clothing,H&M premium clothing for daily wear,3.9,2000,4851.0,31.0,₹3347,INR,https://media.burford.co.uk/images/SNY04089.jpg_edit.width-2880_JNMp3hpjYtNM3610.jpg,"[""Cash on Delivery"", ""Easy Returns""]","{""description"": ""Comfortable and stylish"", ""material_and_care"": ""Machine wash"", ""size_and_fit"": ""Regular fit""}","[{""name"": ""clothing""}]","[{""specification_name"": ""Brand"", ""specification_value"": ""H&M""}]","{""1_star"": 142, ""2_stars"": 115, ""3_stars"": 185, ""4_stars"": 96, ""5_stars"": 1043}",,H&M Store,"[{""size"": ""43""}]",,,{},"{""offer_name"": ""Bank Discount""}","[{""offer_name"": ""No Cost EMI""}]",clothing
56123491,Levis clothing,Levis premium clothing for daily wear,3.8,963,6013.0,10.0,₹5411,INR,https://media.burford.co.uk/images/SNY04089.jpg_edit.width-2880_JNMp3hpjYtNM3610.jpg,"[""Cash on Delivery"", ""Easy Returns""]","{""description"": ""Comfortable and stylish"", ""material_and_care"": ""Machine wash"", ""size_and_fit"": ""Regular fit""}","[{""name"": ""clothing""}]","[{""specification_name"": ""Brand"", ""specification_value"": ""Levis""}]","{""1_star"": 22, ""2_stars"": 4, ""3_stars"": 77, ""4_stars"": 27, ""5_stars"": 921}",,Levis Store,"[{""size"": ""M""}]",,,{},"{""offer_name"": ""Bank Discount""}","[{""offer_name"": ""No Cost EMI""}]",clothing
56123492,Reebok shoes,Reebok premium shoes for daily wear,4.0,451,4436.0,18.0,₹3637,INR,https://images.unsplash.com/photo-1542291026-7eec264c27ff,"[""Cash on Delivery"", ""Easy Returns""]","{""description"": ""Comfortable and stylish"", ""material_and_care"": ""Machine wash"", ""size_and_fit"": ""Regular fit""}","[{""name"": ""shoes""}]","[{""specification_name"": ""Brand"", ""specification_value"": ""Reebok""}]","{""1_star"": 8, ""2_stars"": 23, ""3_stars"": 34, ""4_stars"": 158, ""5_stars"": 234}",,Reebok Store,"[{""size"": ""S""}]",,,{},"{""offer_name"": ""Bank Discount""}","[{""offer_name"": ""No Cost EMI""}]",shoes
56123493,Puma shoes,Puma premium shoes for daily wear,3.5,547,2769.0,48.0,₹1439,INR,https://images.unsplash.com/photo-1542291026-7eec264c27ff,"[""Cash on Delivery"", ""Easy Returns""]","{""description"": ""Comfortable and stylish"", ""material_and_care"": ""Machine wash"", ""size_and_fit"": ""Regular fit""}","[{""name"": ""shoes""}]","[{""specification_name"": ""Brand"", ""specification_value"": ""Puma""}]","{""1_star"": 8, ""2_stars"": 17, ""3_stars"": 34, ""4_stars"": 1, ""5_stars"": 338}",,Puma Store,"[{""size"": ""L""}]",,,{},"{""offer_name"": ""Bank Discount""}","[{""offer_name"": ""No Cost EMI""}]",shoes
56123494,Reebok shoes,Reebok premium shoes for daily wear,3.8,723,5563.0,14.0,₹4784,INR,https://images.unsplash.com/photo-1542291026-7eec264c27ff,"[""Cash on Delivery"", ""Easy Returns""]","{""description"": ""Comfortable and stylish"", ""material_and_care"": ""Machine wash"", ""size_and_fit"": ""Regular fit""}","[{""name"": ""shoes""}]","[{""specification_name"": ""Brand"", ""specification_value"": ""Reebok""}]","{""1_star"": 44, ""2_stars"": 3, ""3_stars"": 97, ""4_stars"": 309, ""5_stars"": 362}",,Reebok Store,"[{""size"": ""M""}]",,,{},"{""offer_name"": ""Bank Discount""}","[{""offer_name"": ""No Cost EMI""}]",shoes
56123495,H&M clothing,H&M premium clothing for daily wear,4.0,220,1895.0,36.0,₹1212,INR,https://media.burford.co.uk/images/SNY04089.jpg_edit.width-2880_JNMp3hpjYtNM3610.jpg,"[""Cash on Delivery"", ""Easy Returns""]","{""description"": ""Comfortable and stylish"", ""material_and_care"": ""Machine wash"", ""size_and_fit"": ""Regular fit""}","[{""name"": ""clothing""}]","[{""specification_name"": ""Brand"", ""specification_value"": ""H&M""}]","{""1_star"": 15, ""2_stars"": 5, ""3_stars"": 35, ""4_stars"": 3, ""5_stars"": 216}",,H&M Store,"[{""size"": ""M""}]",,,{},"{""offer_name"": ""Bank Discount""}","[{""offer_name"": ""No Cost EMI""}]",clothing
56123496,Levis clothing,Levis premium clothing for daily wear,4.3,39,7951.0,21.0,₹6281,INR,https://media.burford.co.uk/images/SNY04089.jpg_edit.width-2880_JNMp3hpjYtNM3610.jpg,"[""Cash on Delivery"", ""Easy Returns""]","{""description"": ""Comfortable and stylish"", ""material_and_care"": ""Machine wash"", ""size_and_fit"": ""Regular fit""}","[{""name"": ""clothing""}]","[{""specification_name"": ""Brand"", ""specification_value"": ""Levis""}]","{""1_star"": 3, ""2_stars"": 3, ""3_stars"": 1, ""4_stars"": 0, ""5_stars"": 35}",,Levis Store,"[{""size"": ""S""}]",,,{},"{""offer_name"": ""Bank Discount""}","[{""offer_name"": ""No Cost EMI""}]",clothing
56123497,Levis clothing,Levis premium clothing for daily wear,3.8,796,5924.0,22.0,₹4620,INR,https://media.burford.co.uk/images/SNY04089.jpg_edit.width-2880_JNMp3hpjYtNM3610.jpg,"[""Cash on Delivery"", ""Easy Returns""]","{""description"": ""Comfortable and stylish"", ""material_and_care"": ""Machine wash"", ""size_and_fit"": ""Regular fit""}","[{""name"": ""clothing""}]","[{""specification_name"": ""Brand"", ""specification_value"": ""Levis""}]","{""1_star"": 4, ""2_stars"": 8, ""3_stars"": 101, ""4_stars"": 184, ""5_stars"": 653}",,Levis Store,"[{""size"": ""S""}]",,,{},"{""offer_name"": ""Bank Discount""}","[{""offer_name"": ""No Cost EMI""}]",clothing
56123498,Reebok shoes,Reebok premium shoes for daily wear,4.5,557,2670.0,57.0,₹1148,INR,https://images.unsplash.com/photo-1542291026-7eec264c27ff,"[""Cash on Delivery"", ""Easy Returns""]","{""description"": ""Comfortable and stylish"", ""material_and_care"": ""Machine wash"", ""size_and_fit"": ""Regular fit""}","[{""name"": ""shoes""}]","[{""specification_name"": ""Brand"", ""specification_value"": ""Reebok""}]","{""1_star"": 34, ""2_stars"": 19, ""3_stars"": 95, ""4_stars"": 112, ""5_stars"": 382}",,Reebok Store,"[{""size"": ""XL""}]",,,{},"{""offer_name"": ""Bank Discount""}","[{""offer_name"": ""No Cost EMI""}]",shoes
56123499,Nike shoes,Nike premium shoes for daily wear,4.1,1019,1075.0,17.0,₹892,INR,https://images.unsplash.com/photo-1542291026-7eec264c27ff,"[""Cash on Delivery"", ""Easy Returns""]","{""description"": ""Comfortable and stylish"", ""material_and_care"": ""Machine wash"", ""size_and_fit"": ""Regular fit""}","[{""name"": ""shoes""}]","[{""specification_name"": ""Brand"", ""specification_value"": ""Nike""}]","{""1_star"": 81, ""2_stars"": 13, ""3_stars"": 152, ""4_stars"": 366, ""5_stars"": 609}",,Nike Store,"[{""size"": ""43""}]",,,{},"{""offer_name"": ""Bank Discount""}","[{""offer_name"": ""No Cost EMI""}]",shoes
56123500,Zara clothing,Zara premium clothing for daily wear,3.7,402,2704.0,40.0,₹1622,INR,https://media.burford.co.uk/images/SNY04089.jpg_edit.width-2880_JNMp3hpjYtNM3610.jpg,"[""Cash on Delivery"", ""Easy Returns""]","{""description"": ""Comfortable and stylish"", ""material_and_care"": ""Machine wash"", ""size_and_fit"": ""Regular fit""}","[{""name"": ""clothing""}]","[{""specification_name"": ""Brand"", ""specification_value"": ""Zara""}]","{""1_star"": 19, ""2_stars"": 25, ""3_stars"": 46, ""4_stars"": 156, ""5_stars"": 293}",,Zara Store,"[{""size"": ""XL""}]",,,{},"{""offer_name"": ""Bank Discount""}","[{""offer_name"": ""No Cost EMI""}]",clothing
56123501,H&M clothing,H&M premium clothing for daily wear,3.5,632,3556.0,18.0,₹2915,INR,https://media.burford.co.uk/images/SNY04089.jpg_edit.width-2880_JNMp3hpjYtNM3610.jpg,"[""Cash on Delivery"", ""Easy Returns""]","{""description"": ""Comfortable and stylish"", ""material_and_care"": ""Machine wash"", ""size_and_fit"": ""Regular fit""}","[{""name"": ""clothing""}]","[{""specification_name"": ""Brand"", ""specification_value"": ""H&M""}]","{""1_star"": 61, ""2_stars"": 60, ""3_stars"": 111, ""4_stars"": 182, ""5_stars"": 602}",,H&M Store,"[{""size"": ""43""}]",,,{},"{""offer_name"": ""Bank Discount""}","[{""offer_name"": ""No Cost EMI""}]",clothing
56123502,Adidas shoes,Adidas premium shoes for daily wear,4.5,41,6268.0,43.0,₹3572,INR,https://images.unsplash.com/photo-1542291026-7eec264c27ff,"[""Cash on Delivery"", ""Easy Returns""]","{""description"": ""Comfortable and stylish"", ""material_and_care"": ""Machine wash"", ""size_and_fit"": ""Regular fit""}","[{""name"": ""shoes""}]","[{""specification_name"": ""Brand"", ""specification_value"": ""Adidas""}]","{""1_star"": 3, ""2_stars"": 3, ""3_stars"": 7, ""4_stars"": 3, ""5_stars"": 20}",,Adidas Store,"[{""size"": ""S""}]",,,{},"{""offer_name"": ""Bank Discount""}","[{""offer_name"": ""No Cost EMI""}]",shoes
56123503,Levis clothing,Levis premium clothing for daily wear,4.6,1359,1909.0,18.0,₹1565,INR,https://media.burford.co.uk/images/SNY04089.jpg_edit.width-2880_JNMp3hpjYtNM3610.jpg,"[""Cash on Delivery"", ""Easy Returns""]","{""description"": ""Comfortable and stylish"", ""material_and_care"": ""Machine wash"", ""size_and_fit"": ""Regular fit""}","[{""name"": ""clothing""}]","[{""specification_name"": ""Brand"", ""specification_value"": ""Levis""}]","{""1_star"": 105, ""2_stars"": 134, ""3_stars"": 259, ""4_stars"": 152, ""5_stars"": 943}",,Levis Store,"[{""size"": ""L""}]",,,{},"{""offer_name"": ""Bank Discount""}","[{""offer_name"": ""No Cost EMI""}]",clothing
56123504,Nike shoes,Nike premium shoes for daily wear,4.0,1032,7673.0,59.0,₹3145,INR,https://images.unsplash.com/photo-1542291026-7eec264c27ff,"[""Cash on Delivery"", ""Easy Returns""]","{""description"": ""Comfortable and stylish"", ""material_and_care"": ""Machine wash"", ""size_and_fit"": ""Regular fit""}","[{""name"": ""shoes""}]","[{""specification_name"": ""Brand"", ""specification_value"": ""Nike""}]","{""1_star"": 4, ""2_stars"": 71, ""3_stars"": 174, ""4_stars"": 135, ""5_stars"": 524}",,Nike Store,"[{""size"": ""M""}]",,,{},"{""offer_name"": ""Bank Discount""}","[{""offer_name"": ""No Cost EMI""}]",shoes
56123505,Zara clothing,Zara premium clothing for daily wear,4.3,1291,2976.0,18.0,₹2440,INR,https://media.burford.co.uk/images/SNY04089.jpg_edit.width-2880_JNMp3hpjYtNM3610.jpg,"[""Cash on Delivery"", ""Easy Returns""]","{""description"": ""Comfortable and stylish"", ""material_and_care"": ""Machine wash"", ""size_and_fit"": ""Regular fit""}","[{""name"": ""clothing""}]","[{""specification_name"": ""Brand"", ""specification_value"": ""Zara""}]","{""1_star"": 72, ""2_stars"": 101, ""3_stars"": 64, ""4_stars"": 475, ""5_stars"": 907}",,Zara Store,"[{""size"": ""XL""}]",,,{},"{""offer_name"": ""Bank Discount""}","[{""offer_name"": ""No Cost EMI""}]",clothing
56123506,Reebok shoes,Reebok premium shoes for daily wear,4.5,357,4133.0,43.0,₹2355,INR,https://images.unsplash.com/photo-1542291026-7eec264c27ff,"[""Cash on Delivery"", ""Easy Returns""]","{""description"": ""Comfortable and stylish"", ""material_and_care"": ""Machine wash"", ""size_and_fit"": ""Regular fit""}","[{""name"": ""shoes""}]","[{""specification_name"": ""Brand"", ""specification_value"": ""Reebok""}]","{""1_star"": 35, ""2_stars"": 8, ""3_stars"": 59, ""4_stars"": 168, ""5_stars"": 253}",,Reebok Store,"[{""size"": ""43""}]",,,{},"{""offer_name"": ""Bank Discount""}","[{""offer_name"": ""No Cost EMI""}]",shoes
56123507,Nike shoes,Nike premium shoes for daily wear,4.4,1152,4966.0,51.0,₹2433,INR,https://images.unsplash.com/photo-1542291026-7eec264c27ff,"[""Cash on Delivery"", ""Easy Returns""]","{""description"": ""Comfortable and stylish"", ""material_and_care"": ""Machine wash"", ""size_and_fit"": ""Regular fit""}","[{""name"": ""shoes""}]","[{""specification_name"": ""Brand"", ""specification_value"": ""Nike""}]","{""1_star"": 55, ""2_stars"": 0, ""3_stars"": 101, ""4_stars"": 385, ""5_stars"": 1129}",,Nike Store,"[{""size"": ""43""}]",,,{},"{""offer_name"": ""Bank Discount""}","[{""offer_name"": ""No Cost EMI""}]",shoes
56123508,H&M clothing,H&M premium clothing for daily wear,4.3,998,1157.0,10.0,₹1041,INR,https://media.burford.co.uk/images/SNY04089.jpg_edit.width-2880_JNMp3hpjYtNM3610.jpg,"[""Cash on Delivery"", ""Easy Returns""]","{""description"": ""Comfortable and stylish"", ""material_and_care"": ""Machine wash"", ""size_and_fit"": ""Regular fit""}","[{""name"": ""clothing""}]","[{""specification_name"": ""Brand"", ""specification_value"": ""H&M""}]","{""1_star"": 10, ""2_stars"": 48, ""3_stars"": 94, ""4_stars"": 221, ""5_stars"": 771}",,H&M Store,"[{""size"": ""43""}]",,,{},"{""offer_name"": ""Bank Discount""}","[{""offer_name"": ""No Cost EMI""}]",clothing
56123509,Reebok shoes,Reebok premium shoes for daily wear,4.1,1422,4429.0,28.0,₹3188,INR,https://images.unsplash.com/photo-1542291026-7eec264c27ff,"[""Cash on Delivery"", ""Easy Returns""]","{""description"": ""Comfortable and stylish"", ""material_and_care"": ""Machine wash"", ""size_and_fit"": ""Regular fit""}","[{""name"": ""shoes""}]","[{""specification_name"": ""Brand"", ""specification_value"": ""Reebok""}]","{""1_star"": 21, ""2_stars"": 141, ""3_stars"": 281, ""4_stars"": 91, ""5_stars"": 918}",,Reebok Store,"[{""size"": ""42""}]",,,{},"{""offer_name"": ""Bank Discount""}","[{""offer_name"": ""No Cost EMI""}]",shoes
56123510,Reebok shoes,Reebok premium shoes for daily wear,3.9,1183,6304.0,40.0,₹3782,INR,https://images.unsplash.com/photo-1542291026-7eec264c27ff,"[""Cash on Delivery"", ""Easy Returns""]","{""description"": ""Comfortable and stylish"", ""material_and_care"": ""Machine wash"", ""size_and_fit"": ""Regular fit""}","[{""name"": ""shoes""}]","[{""specification_name"": ""Brand"", ""specification_value"": ""Reebok""}]","{""1_star"": 93, ""2_stars"": 66, ""3_stars"": 92, ""4_stars"": 87, ""5_stars"": 982}",,Reebok Store,"[{""size"": ""XL""}]",,,{},"{""offer_name"": ""Bank Discount""}","[{""offer_name"": ""No Cost EMI""}]",shoes
56123511,Nike shoes,Nike premium shoes for daily wear,4.0,107,2476.0,48.0,₹1287,INR,https://images.unsplash.com/photo-1542291026-7eec264c27ff,"[""Cash on Delivery"", ""Easy Returns""]","{""description"": ""Comfortable and stylish"", ""material_and_care"": ""Machine wash"", ""size_and_fit"": ""Regular fit""}","[{""name"": ""shoes""}]","[{""specification_name"": ""Brand"", ""specification_value"": ""Nike""}]","{""1_star"": 9, ""2_stars"": 3, ""3_stars"": 2, ""4_stars"": 51, ""5_stars"": 106}",,Nike Store,"[{""size"": ""42""}]",,,{},"{""offer_name"": ""Bank Discount""}","[{""offer_name"": ""No Cost EMI""}]",shoes
56123512,Roadster clothing,Roadster premium clothing for daily wear,3.6,1182,7546.0,16.0,₹6338,INR,https://media.burford.co.uk/images/SNY04089.jpg_edit.width-2880_JNMp3hpjYtNM3610.jpg,"[""Cash on Delivery"", ""Easy Returns""]","{""description"": ""Comfortable and stylish"", ""material_and_care"": ""Machine wash"", ""size_and_fit"": ""Regular fit""}","[{""name"": ""clothing""}]","[{""specification_name"": ""Brand"", ""specification_value"": ""Roadster""}]","{""1_star"": 60, ""2_stars"": 43, ""3_stars"": 217, ""4_stars"": 356, ""5_stars"": 905}",,Roadster Store,"[{""size"": ""XL""}]",,,{},"{""offer_name"": ""Bank Discount""}","[{""offer_name"": ""No Cost EMI""}]",clothing
56123513,Roadster clothing,Roadster premium clothing for daily wear,3.7,1730,2817.0,54.0,₹1295,INR,https://media.burford.co.uk/images/SNY04089.jpg_edit.width-2880_JNMp3hpjYtNM3610.jpg,"[""Cash on Delivery"", ""Easy Returns""]","{""description"": ""Comfortable and stylish"", ""material_and_care"": ""Machine wash"", ""size_and_fit"": ""Regular fit""}","[{""name"": ""clothing""}]","[{""specification_name"": ""Brand"", ""specification_value"": ""Roadster""}]","{""1_star"": 81, ""2_stars"": 63, ""3_stars"": 225, ""4_stars"": 601, ""5_stars"": 1055}",,Roadster Store,"[{""size"": ""S""}]",,,{},"{""offer_name"": ""Bank Discount""}","[{""offer_name"": ""No Cost EMI""}]",clothing
56123514,Roadster clothing,Roadster premium clothing for daily wear,3.8,1651,6650.0,51.0,₹3258,INR,https://media.burford.co.uk/images/SNY04089.jpg_edit.width-2880_JNMp3hpjYtNM3610.jpg,"[""Cash on Delivery"", ""Easy Returns""]","{""description"": ""Comfortable and stylish"", ""material_and_care"": ""Machine wash"", ""size_and_fit"": ""Regular fit""}","[{""name"": ""clothing""}]","[{""specification_name"": ""Brand"", ""specification_value"": ""Roadster""}]","{""1_star"": 70, ""2_stars"": 137, ""3_stars"": 38, ""4_stars"": 658, ""5_stars"": 1612}",,Roadster Store,"[{""size"": ""43""}]",,,{},"{""offer_name"": ""Bank Discount""}","[{""offer_name"": ""No Cost EMI""}]",clothing
56123515,Reebok shoes,Reebok premium shoes for daily wear,3.7,1928,4383.0,28.0,₹3155,INR,https://images.unsplash.com/photo-1542291026-7eec264c27ff,"[""Cash on Delivery"", ""Easy Returns""]","{""description"": ""Comfortable and stylish"", ""material_and_care"": ""Machine wash"", ""size_and_fit"": ""Regular fit""}","[{""name"": ""shoes""}]","[{""specification_name"": ""Brand"", ""specification_value"": ""Reebok""}]","{""1_star"": 46, ""2_stars"": 122, ""3_stars"": 205, ""4_stars"": 815, ""5_stars"": 1389}",,Reebok Store,"[{""size"": ""XL""}]",,,{},"{""offer_name"": ""Bank Discount""}","[{""offer_name"": ""No Cost EMI""}]",shoes
56123516,Nike shoes,Nike premium shoes for daily wear,3.5,1834,6307.0,18.0,₹5171,INR,https://images.unsplash.com/photo-1542291026-7eec264c27ff,"[""Cash on Delivery"", ""Easy Returns""]","{""description"": ""Comfortable and stylish"", ""material_and_care"": ""Machine wash"", ""size_and_fit"": ""Regular fit""}","[{""name"": ""shoes""}]","[{""specification_name"": ""Brand"", ""specification_value"": ""Nike""}]","{""1_star"": 136, ""2_stars"": 137, ""3_stars"": 185, ""4_stars"": 106, ""5_stars"": 1578}",,Nike Store,"[{""size"": ""XL""}]",,,{},"{""offer_name"": ""Bank Discount""}","[{""offer_name"": ""No Cost EMI""}]",shoes
56123517,Nike shoes,Nike premium shoes for daily wear,3.8,428,3784.0,45.0,₹2081,INR,https://images.unsplash.com/photo-1542291026-7eec264c27ff,"[""Cash on Delivery"", ""Easy Returns""]","{""description"": ""Comfortable and stylish"", ""material_and_care"": ""Machine wash"", ""size_and_fit"": ""Regular fit""}","[{""name"": ""shoes""}]","[{""specification_name"": ""Brand"", ""specification_value"": ""Nike""}]","{""1_star"": 9, ""2_stars"": 25, ""3_stars"": 72, ""4_stars"": 65, ""5_stars"": 264}",,Nike Store,"[{""size"": ""43""}]",,,{},"{""offer_name"": ""Bank Discount""}","[{""offer_name"": ""No Cost EMI""}]",shoes
56123518,Zara clothing,Zara premium clothing for daily wear,4.0,1549,4555.0,35.0,₹2960,INR,https://media.burford.co.uk/images/SNY04089.jpg_edit.width-2880_JNMp3hpjYtNM3610.jpg,"[""Cash on Delivery"", ""Easy Returns""]","{""description"": ""Comfortable and stylish"", ""material_and_care"": ""Machine wash"", ""size_and_fit"": ""Regular fit""}","[{""name"": ""clothing""}]","[{""specification_name"": ""Brand"", ""specification_value"": ""Zara""}]","{""1_star"": 32, ""2_stars"": 38, ""3_stars"": 137, ""4_stars"": 474, ""5_stars"": 1038}",,Zara Store,"[{""size"": ""XL""}]",,,{},"{""offer_name"": ""Bank Discount""}","[{""offer_name"": ""No Cost EMI""}]",clothing
56123519,H&M clothing,H&M premium clothing for daily wear,4.6,940,7250.0,35.0,₹4712,INR,https://media.burford.co.uk/images/SNY04089.jpg_edit.width-2880_JNMp3hpjYtNM3610.jpg,"[""Cash on Delivery"", ""Easy Returns""]","{""description"": ""Comfortable and stylish"", ""material_and_care"": ""Machine wash"", ""size_and_fit"": ""Regular fit""}","[{""name"": ""clothing""}]","[{""specification_name"": ""Brand"", ""specification_value"": ""H&M""}]","{""1_star"": 9, ""2_stars"": 20, ""3_stars"": 109, ""4_stars"": 48, ""5_stars"": 664}",,H&M Store,"[{""size"": ""S""}]",,,{},"{""offer_name"": ""Bank Discount""}","[{""offer_name"": ""No Cost EMI""}]",clothing
56123520,Reebok shoes,Reebok premium shoes for daily wear,3.5,535,5612.0,13.0,₹4882,INR,https://images.unsplash.com/photo-1542291026-7eec264c27ff,"[""Cash on Delivery"", ""Easy Returns""]","{""description"": ""Comfortable and stylish"", ""material_and_care"": ""Machine wash"", ""size_and_fit"": ""Regular fit""}","[{""name"": ""shoes""}]","[{""specification_name"": ""Brand"", ""specification_value"": ""Reebok""}]","{""1_star"": 18, ""2_stars"": 13, ""3_stars"": 15, ""4_stars"": 58, ""5_stars"": 524}",,Reebok Store,"[{""size"": ""S""}]",,,{},"{""offer_name"": ""Bank Discount""}","[{""offer_name"": ""No Cost EMI""}]",shoes
56123521,Nike shoes,Nike premium shoes for daily wear,4.5,1447,4801.0,38.0,₹2976,INR,https://images.unsplash.com/photo-1542291026-7eec264c27ff,"[""Cash on Delivery"", ""Easy Returns""]","{""description"": ""Comfortable and stylish"", ""material_and_care"": ""Machine wash"", ""size_and_fit"": ""Regular fit""}","[{""name"": ""shoes""}]","[{""specification_name"": ""Brand"", ""specification_value"": ""Nike""}]","{""1_star"": 76, ""2_stars"": 80, ""3_stars"": 86, ""4_stars"": 13, ""5_stars"": 1137}",,Nike Store,"[{""size"": ""42""}]",,,{},"{""offer_name"": ""Bank Discount""}","[{""offer_name"": ""No Cost EMI""}]",shoes
56123522,Puma shoes,Puma premium shoes for daily wear,3.9,913,5623.0,32.0,₹3823,INR,https://images.unsplash.com/photo-1542291026-7eec264c27ff,"[""Cash on Delivery"", ""Easy Returns""]","{""description"": ""Comfortable and stylish"", ""material_and_care"": ""Machine wash"", ""size_and_fit"": ""Regular fit""}","[{""name"": ""shoes""}]","[{""specification_name"": ""Brand"", ""specification_value"": ""Puma""}]","{""1_star"": 7, ""2_stars"": 41, ""3_stars"": 115, ""4_stars"": 437, ""5_stars"": 691}",,Puma Store,"[{""size"": ""M""}]",,,{},"{""offer_name"": ""Bank Discount""}","[{""offer_name"": ""No Cost EMI""}]",shoes
56123523,Levis clothing,Levis premium clothing for daily wear,4.5,1760,4329.0,50.0,₹2164,INR,https://media.burford.co.uk/images/SNY04089.jpg_edit.width-2880_JNMp3hpjYtNM3610.jpg,"[""Cash on Delivery"", ""Easy Returns""]","{""description"": ""Comfortable and stylish"", ""material_and_care"": ""Machine wash"", ""size_and_fit"": ""Regular fit""}","[{""name"": ""clothing""}]","[{""specification_name"": ""Brand"", ""specification_value"": ""Levis""}]","{""1_star"": 12, ""2_stars"": 128, ""3_stars"": 280, ""4_stars"": 408, ""5_stars"": 1751}",,Levis Store,"[{""size"": ""M""}]",,,{},"{""offer_name"": ""Bank Discount""}","[{""offer_name"": ""No Cost EMI""}]",clothing
56123524,Levis clothing,Levis premium clothing for daily wear,3.6,1928,3162.0,16.0,₹2656,INR,https://media.burford.co.uk/images/SNY04089.jpg_edit.width-2880_JNMp3hpjYtNM3610.jpg,"[""Cash on Delivery"", ""Easy Returns""]","{""description"": ""Comfortable and stylish"", ""material_and_care"": ""Machine wash"", ""size_and_fit"": ""Regular fit""}","[{""name"": ""clothing""}]","[{""specification_name"": ""Brand"", ""specification_value"": ""Levis""}]","{""1_star"": 79, ""2_stars"": 179, ""3_stars"": 194, ""4_stars"": 819, ""5_stars"": 1882}",,Levis Store,"[{""size"": ""M""}]",,,{},"{""offer_name"": ""Bank Discount""}","[{""offer_name"": ""No Cost EMI""}]",clothing
56123525,Levis clothing,Levis premium clothing for daily wear,4.1,1180,5484.0,31.0,₹3783,INR,https://media.burford.co.uk/images/SNY04089.jpg_edit.width-2880_JNMp3hpjYtNM3610.jpg,"[""Cash on Delivery"", ""Easy Returns""]","{""description"": ""Comfortable and stylish"", ""material_and_care"": ""Machine wash"", ""size_and_fit"": ""Regular fit""}","[{""name"": ""clothing""}]","[{""specification_name"": ""Brand"", ""specification_value"": ""Levis""}]","{""1_star"": 31, ""2_stars"": 73, ""3_stars"": 41, ""4_stars"": 393, ""5_stars"": 664}",,Levis Store,"[{""size"": ""XL""}]",,,{},"{""offer_name"": ""Bank Discount""}","[{""offer_name"": ""No Cost EMI""}]",clothing
56123526,Puma shoes,Puma premium shoes for daily wear,4.5,1713,3569.0,33.0,₹2391,INR,https://images.unsplash.com/photo-1542291026-7eec264c27ff,"[""Cash on Delivery"", ""Easy Returns""]","{""description"": ""Comfortable and stylish"", ""material_and_care"": ""Machine wash"", ""size_and_fit"": ""Regular fit""}","[{""name"": ""shoes""}]","[{""specification_name"": ""Brand"", ""specification_value"": ""Puma""}]","{""1_star"": 163, ""2_stars"": 59, ""3_stars"": 250, ""4_stars"": 576, ""5_stars"": 1492}",,Puma Store,"[{""size"": ""43""}]",,,{},"{""offer_name"": ""Bank Discount""}","[{""offer_name"": ""No Cost EMI""}]",shoes
56123527,Levis clothing,Levis premium clothing for daily wear,3.8,689,1404.0,26.0,₹1038,INR,https://media.burford.co.uk/images/SNY04089.jpg_edit.width-2880_JNMp3hpjYtNM3610.jpg,"[""Cash on Delivery"", ""Easy Returns""]","{""description"": ""Comfortable and stylish"", ""material_and_care"": ""Machine wash"", ""size_and_fit"": ""Regular fit""}","[{""name"": ""clothing""}]","[{""specification_name"": ""Brand"", ""specification_value"": ""Levis""}]","{""1_star"": 16, ""2_stars"": 19, ""3_stars"": 129, ""4_stars"": 332, ""5_stars"": 623}",,Levis Store,"[{""size"": ""L""}]",,,{},"{""offer_name"": ""Bank Discount""}","[{""offer_name"": ""No Cost EMI""}]",clothing
56123528,Roadster clothing,Roadster premium clothing for daily wear,4.2,1465,6953.0,29.0,₹4936,INR,https://media.burford.co.uk/images/SNY04089.jpg_edit.width-2880_JNMp3hpjYtNM3610.jpg,"[""Cash on Delivery"", ""Easy Returns""]","{""description"": ""Comfortable and stylish"", ""material_and_care"": ""Machine wash"", ""size_and_fit"": ""Regular fit""}","[{""name"": ""clothing""}]","[{""specification_name"": ""Brand"", ""specification_value"": ""Roadster""}]","{""1_star"": 95, ""2_stars"": 7, ""3_stars"": 13, ""4_stars"": 446, ""5_stars"": 759}",,Roadster Store,"[{""size"": ""43""}]",,,{},"{""offer_name"": ""Bank Discount""}","[{""offer_name"": ""No Cost EMI""}]",clothing
56123529,H&M clothing,H&M premium clothing for daily wear,4.3,1504,7397.0,47.0,₹3920,INR,https://media.burford.co.uk/images/SNY04089.jpg_edit.width-2880_JNMp3hpjYtNM3610.jpg,"[""Cash on Delivery"", ""Easy Returns""]","{""description"": ""Comfortable and stylish"", ""material_and_care"": ""Machine wash"", ""size_and_fit"": ""Regular fit""}","[{""name"": ""clothing""}]","[{""specification_name"": ""Brand"", ""specification_value"": ""H&M""}]","{""1_star"": 64, ""2_stars"": 41, ""3_stars"": 142, ""4_stars"": 420, ""5_stars"": 1081}",,H&M Store,"[{""size"": ""XL""}]",,,{},"{""offer_name"": ""Bank Discount""}","[{""offer_name"": ""No Cost EMI""}]",clothing
56123530,Levis clothing,Levis premium clothing for daily wear,4.6,443,2757.0,11.0,₹2453,INR,https://media.burford.co.uk/images/SNY04089.jpg_edit.width-2880_JNMp3hpjYtNM3610.jpg,"[""Cash on Delivery"", ""Easy Returns""]","{""description"": ""Comfortable and stylish"", ""material_and_care"": ""Machine wash"", ""size_and_fit"": ""Regular fit""}","[{""name"": ""clothing""}]","[{""specification_name"": ""Brand"", ""specification_value"": ""Levis""}]","{""1_star"": 1, ""2_stars"": 23, ""3_stars"": 13, ""4_stars"": 99, ""5_stars"": 245}",,Levis Store,"[{""size"": ""43""}]",,,{},"{""offer_name"": ""Bank Discount""}","[{""offer_name"": ""No Cost EMI""}]",clothing
56123531,Zara clothing,Zara premium clothing for daily wear,4.6,145,7659.0,15.0,₹6510,INR,https://media.burford.co.uk/images/SNY04089.jpg_edit.width-2880_JNMp3hpjYtNM3610.jpg,"[""Cash on Delivery"", ""Easy Returns""]","{""description"": ""Comfortable and stylish"", ""material_and_care"": ""Machine wash"", ""size_and_fit"": ""Regular fit""}","[{""name"": ""clothing""}]","[{""specification_name"": ""Brand"", ""specification_value"": ""Zara""}]","{""1_star"": 12, ""2_stars"": 14, ""3_stars"": 17, ""4_stars"": 36, ""5_stars"": 85}",,Zara Store,"[{""size"": ""42""}]",,,{},"{""offer_name"": ""Bank Discount""}","[{""offer_name"": ""No Cost EMI""}]",clothing
56123532,Roadster clothing,Roadster premium clothing for daily wear,3.8,705,2902.0,34.0,₹1915,INR,https://media.burford.co.uk/images/SNY04089.jpg_edit.width-2880_JNMp3hpjYtNM3610.jpg,"[""Cash on Delivery"", ""Easy Returns""]","{""description"": ""Comfortable and stylish"", ""material_and_care"": ""Machine wash"", ""size_and_fit"": ""Regular fit""}","[{""name"": ""clothing""}]","[{""specification_name"": ""Brand"", ""specification_value"": ""Roadster""}]","{""1_star"": 30, ""2_stars"": 52, ""3_stars"": 44, ""4_stars"": 127, ""5_stars"": 618}",,Roadster Store,"[{""size"": ""M""}]",,,{},"{""offer_name"": ""Bank Discount""}","[{""offer_name"": ""No Cost EMI""}]",clothing
56123533,Levis clothing,Levis premium clothing for daily wear,4.2,755,5977.0,37.0,₹3765,INR,https://media.burford.co.uk/images/SNY04089.jpg_edit.width-2880_JNMp3hpjYtNM3610.jpg,"[""Cash on Delivery"", ""Easy Returns""]","{""description"": ""Comfortable and stylish"", ""material_and_care"": ""Machine wash"", ""size_and_fit"": ""Regular fit""}","[{""name"": ""clothing""}]","[{""specification_name"": ""Brand"", ""specification_value"": ""Levis""}]","{""1_star"": 41, ""2_stars"": 60, ""3_stars"": 148, ""4_stars"": 261, ""5_stars"": 444}",,Levis Store,"[{""size"": ""43""}]",,,{},"{""offer_name"": ""Bank Discount""}","[{""offer_name"": ""No Cost EMI""}]",clothing
56123534,Nike shoes,Nike premium shoes for daily wear,3.8,1929,4409.0,55.0,₹1984,INR,https://images.unsplash.com/photo-1542291026-7eec264c27ff,"[""Cash on Delivery"", ""Easy Returns""]","{""description"": ""Comfortable and stylish"", ""material_and_care"": ""Machine wash"", ""size_and_fit"": ""Regular fit""}","[{""name"": ""shoes""}]","[{""specification_name"": ""Brand"", ""specification_value"": ""Nike""}]","{""1_star"": 115, ""2_stars"": 8, ""3_stars"": 332, ""4_stars"": 836, ""5_stars"": 1120}",,Nike Store,"[{""size"": ""L""}]",,,{},"{""offer_name"": ""Bank Discount""}","[{""offer_name"": ""No Cost EMI""}]",shoes
56123535,Roadster clothing,Roadster premium clothing for daily wear,3.9,1427,5456.0,22.0,₹4255,INR,https://media.burford.co.uk/images/SNY04089.jpg_edit.width-2880_JNMp3hpjYtNM3610.jpg,"[""Cash on Delivery"", ""Easy Returns""]","{""description"": ""Comfortable and stylish"", ""material_and_care"": ""Machine wash"", ""size_and_fit"": ""Regular fit""}","[{""name"": ""clothing""}]","[{""specification_name"": ""Brand"", ""specification_value"": ""Roadster""}]","{""1_star"": 71, ""2_stars"": 30, ""3_stars"": 198, ""4_stars"": 668, ""5_stars"": 1196}",,Roadster Store,"[{""size"": ""S""}]",,,{},"{""offer_name"": ""Bank Discount""}","[{""offer_name"": ""No Cost EMI""}]",clothing
56123536,Adidas shoes,Adidas premium shoes for daily wear,3.8,473,839.0,57.0,₹360,INR,https://images.unsplash.com/photo-1542291026-7eec264c27ff,"[""Cash on Delivery"", ""Easy Returns""]","{""description"": ""Comfortable and stylish"", ""material_and_care"": ""Machine wash"", ""size_and_fit"": ""Regular fit""}","[{""name"": ""shoes""}]","[{""specification_name"": ""Brand"", ""specification_value"": ""Adidas""}]","{""1_star"": 41, ""2_stars"": 32, ""3_stars"": 83, ""4_stars"": 50, ""5_stars"": 446}",,Adidas Store,"[{""size"": ""S""}]",,,{},"{""offer_name"": ""Bank Discount""}","[{""offer_name"": ""No Cost EMI""}]",shoes
56123537,Puma shoes,Puma premium shoes for daily wear,3.9,391,2920.0,54.0,₹1343,INR,https://images.unsplash.com/photo-1542291026-7eec264c27ff,"[""Cash on Delivery"", ""Easy Returns""]","{""description"": ""Comfortable and stylish"", ""material_and_care"": ""Machine wash"", ""size_and_fit"": ""Regular fit""}","[{""name"": ""shoes""}]","[{""specification_name"": ""Brand"", ""specification_value"": ""Puma""}]","{""1_star"": 19, ""2_stars"": 38, ""3_stars"": 6, ""4_stars"": 93, ""5_stars"": 257}",,Puma Store,"[{""size"": ""L""}]",,,{},"{""offer_name"": ""Bank Discount""}","[{""offer_name"": ""No Cost EMI""}]",shoes
56123538,Adidas shoes,Adidas premium shoes for daily wear,4.5,936,3319.0,11.0,₹2953,INR,https://images.unsplash.com/photo-1542291026-7eec264c27ff,"[""Cash on Delivery"", ""Easy Returns""]","{""description"": ""Comfortable and stylish"", ""material_and_care"": ""Machine wash"", ""size_and_fit"": ""Regular fit""}","[{""name"": ""shoes""}]","[{""specification_name"": ""Brand"", ""specification_value"": ""Adidas""}]","{""1_star"": 30, ""2_stars"": 19, ""3_stars"": 112, ""4_stars"": 429, ""5_stars"": 604}",,Adidas Store,"[{""size"": ""43""}]",,,{},"{""offer_name"": ""Bank Discount""}","[{""offer_name"": ""No Cost EMI""}]",shoes
56123539,Roadster clothing,Roadster premium clothing for daily wear,4.5,1279,1426.0,12.0,₹1254,INR,https://media.burford.co.uk/images/SNY04089.jpg_edit.width-2880_JNMp3hpjYtNM3610.jpg,"[""Cash on Delivery"", ""Easy Returns""]","{""description"": ""Comfortable and stylish"", ""material_and_care"": ""Machine wash"", ""size_and_fit"": ""Regular fit""}","[{""name"": ""clothing""}]","[{""specification_name"": ""Brand"", ""specification_value"": ""Roadster""}]","{""1_star"": 105, ""2_stars"": 25, ""3_stars"": 81, ""4_stars"": 284, ""5_stars"": 711}",,Roadster Store,"[{""size"": ""L""}]",,,{},"{""offer_name"": ""Bank Discount""}","[{""offer_name"": ""No Cost EMI""}]",clothing
56123540,Puma shoes,Puma premium shoes for daily wear,4.6,1402,4565.0,24.0,₹3469,INR,https://images.unsplash.com/photo-1542291026-7eec264c27ff,"[""Cash on Delivery"", ""Easy Returns""]","{""description"": ""Comfortable and stylish"", ""material_and_care"": ""Machine wash"", ""size_and_fit"": ""Regular fit""}","[{""name"": ""shoes""}]","[{""specification_name"": ""Brand"", ""specification_value"": ""Puma""}]","{""1_star"": 5, ""2_stars"": 21, ""3_stars"": 246, ""4_stars"": 595, ""5_stars"": 1101}",,Puma Store,"[{""size"": ""S""}]",,,{},"{""offer_name"": ""Bank Discount""}","[{""offer_name"": ""No Cost EMI""}]",shoes
56123541,Levis clothing,Levis premium clothing for daily wear,4.2,1293,4382.0,57.0,₹1884,INR,https://media.burford.co.uk/images/SNY04089.jpg_edit.width-2880_JNMp3hpjYtNM3610.jpg,"[""Cash on Delivery"", ""Easy Returns""]","{""description"": ""Comfortable and stylish"", ""material_and_care"": ""Machine wash"", ""size_and_fit"": ""Regular fit""}","[{""name"": ""clothing""}]","[{""specification_name"": ""Brand"", ""specification_value"": ""Levis""}]","{""1_star"": 54, ""2_stars"": 92, ""3_stars"": 62, ""4_stars"": 344, ""5_stars"": 1095}",,Levis Store,"[{""size"": ""43""}]",,,{},"{""offer_name"": ""Bank Discount""}","[{""offer_name"": ""No Cost EMI""}]",clothing
56123542,Adidas shoes,Adidas premium shoes for daily wear,4.6,1131,1929.0,39.0,₹1176,INR,https://images.unsplash.com/photo-1542291026-7eec264c27ff,"[""Cash on Delivery"", ""Easy Returns""]","{""description"": ""Comfortable and stylish"", ""material_and_care"": ""Machine wash"", ""size_and_fit"": ""Regular fit""}","[{""name"": ""shoes""}]","[{""specification_name"": ""Brand"", ""specification_value"": ""Adidas""}]","{""1_star"": 60, ""2_stars"": 24, ""3_stars"": 83, ""4_stars"": 468, ""5_stars"": 813}",,Adidas Store,"[{""size"": ""M""}]",,,{},"{""offer_name"": ""Bank Discount""}","[{""offer_name"": ""No Cost EMI""}]",shoes
56123543,Levis clothing,Levis premium clothing for daily wear,3.8,1692,3900.0,19.0,₹3159,INR,https://media.burford.co.uk/images/SNY04089.jpg_edit.width-2880_JNMp3hpjYtNM3610.jpg,"[""Cash on Delivery"", ""Easy Returns""]","{""description"": ""Comfortable and stylish"", ""material_and_care"": ""Machine wash"", ""size_and_fit"": ""Regular fit""}","[{""name"": ""clothing""}]","[{""specification_name"": ""Brand"", ""specification_value"": ""Levis""}]","{""1_star"": 58, ""2_stars"": 125, ""3_stars"": 165, ""4_stars"": 241, ""5_stars"": 863}",,Levis Store,"[{""size"": ""XL""}]",,,{},"{""offer_name"": ""Bank Discount""}","[{""offer_name"": ""No Cost EMI""}]",clothing
56123544,Puma shoes,Puma premium shoes for daily wear,3.5,1245,2990.0,24.0,₹2272,INR,https://images.unsplash.com/photo-1542291026-7eec264c27ff,"[""Cash on Delivery"", ""Easy Returns""]","{""description"": ""Comfortable and stylish"", ""material_and_care"": ""Machine wash"", ""size_and_fit"": ""Regular fit""}","[{""name"": ""shoes""}]","[{""specification_name"": ""Brand"", ""specification_value"": ""Puma""}]","{""1_star"": 37, ""2_stars"": 56, ""3_stars"": 76, ""4_stars"": 147, ""5_stars"": 817}",,Puma Store,"[{""size"": ""XL""}]",,,{},"{""offer_name"": ""Bank Discount""}","[{""offer_name"": ""No Cost EMI""}]",shoes
56123545,Puma shoes,Puma premium shoes for daily wear,4.0,1992,3656.0,50.0,₹1828,INR,https://images.unsplash.com/photo-1542291026-7eec264c27ff,"[""Cash on Delivery"", ""Easy Returns""]","{""description"": ""Comfortable and stylish"", ""material_and_care"": ""Machine wash"", ""size_and_fit"": ""Regular fit""}","[{""name"": ""shoes""}]","[{""specification_name"": ""Brand"", ""specification_value"": ""Puma""}]","{""1_star"": 73, ""2_stars"": 167, ""3_stars"": 292, ""4_stars"": 813, ""5_stars"": 1384}",,Puma Store,"[{""size"": ""S""}]",,,{},"{""offer_name"": ""Bank Discount""}","[{""offer_name"": ""No Cost EMI""}]",shoes
56123546,Puma shoes,Puma premium shoes for daily wear,4.3,718,6196.0,14.0,₹5328,INR,https://images.unsplash.com/photo-1542291026-7eec264c27ff,"[""Cash on Delivery"", ""Easy Returns""]","{""description"": ""Comfortable and stylish"", ""material_and_care"": ""Machine wash"", ""size_and_fit"": ""Regular fit""}","[{""name"": ""shoes""}]","[{""specification_name"": ""Brand"", ""specification_value"": ""Puma""}]","{""1_star"": 11, ""2_stars"": 62, ""3_stars"": 44, ""4_stars"": 156, ""5_stars"": 362}",,Puma Store,"[{""size"": ""43""}]",,,{},"{""offer_name"": ""Bank Discount""}","[{""offer_name"": ""No Cost EMI""}]",shoes
56123547,Levis clothing,Levis premium clothing for daily wear,4.3,657,3404.0,52.0,₹1633,INR,https://media.burford.co.uk/images/SNY04089.jpg_edit.width-2880_JNMp3hpjYtNM3610.jpg,"[""Cash on Delivery"", ""Easy Returns""]","{""description"": ""Comfortable and stylish"", ""material_and_care"": ""Machine wash"", ""size_and_fit"": ""Regular fit""}","[{""name"": ""clothing""}]","[{""specification_name"": ""Brand"", ""specification_value"": ""Levis""}]","{""1_star"": 28, ""2_stars"": 56, ""3_stars"": 118, ""4_stars"": 311, ""5_stars"": 631}",,Levis Store,"[{""size"": ""43""}]",,,{},"{""offer_name"": ""Bank Discount""}","[{""offer_name"": ""No Cost EMI""}]",clothing
56123548,Reebok shoes,Reebok premium shoes for daily wear,3.8,797,5787.0,11.0,₹5150,INR,https://images.unsplash.com/photo-1542291026-7eec264c27ff,"[""Cash on Delivery"", ""Easy Returns""]","{""description"": ""Comfortable and stylish"", ""material_and_care"": ""Machine wash"", ""size_and_fit"": ""Regular fit""}","[{""name"": ""shoes""}]","[{""specification_name"": ""Brand"", ""specification_value"": ""Reebok""}]","{""1_star"": 59, ""2_stars"": 73, ""3_stars"": 134, ""4_stars"": 188, ""5_stars"": 649}",,Reebok Store,"[{""size"": ""XL""}]",,,{},"{""offer_name"": ""Bank Discount""}","[{""offer_name"": ""No Cost EMI""}]",shoes
56123549,H&M clothing,H&M premium clothing for daily wear,4.6,1178,4834.0,42.0,₹2803,INR,https://media.burford.co.uk/images/SNY04089.jpg_edit.width-2880_JNMp3hpjYtNM3610.jpg,"[""Cash on Delivery"", ""Easy Returns""]","{""description"": ""Comfortable and stylish"", ""material_and_care"": ""Machine wash"", ""size_and_fit"": ""Regular fit""}","[{""name"": ""clothing""}]","[{""specification_name"": ""Brand"", ""specification_value"": ""H&M""}]","{""1_star"": 17, ""2_stars"": 64, ""3_stars"": 117, ""4_stars"": 569, ""5_stars"": 663}",,H&M Store,"[{""size"": ""S""}]",,,{},"{""offer_name"": ""Bank Discount""}","[{""offer_name"": ""No Cost EMI""}]",clothing
56123550,Adidas shoes,Adidas premium shoes for daily wear,3.6,1101,4776.0,14.0,₹4107,INR,https://images.unsplash.com/photo-1542291026-7eec264c27ff,"[""Cash on Delivery"", ""Easy Returns""]","{""description"": ""Comfortable and stylish"", ""material_and_care"": ""Machine wash"", ""size_and_fit"": ""Regular fit""}","[{""name"": ""shoes""}]","[{""specification_name"": ""Brand"", ""specification_value"": ""Adidas""}]","{""1_star"": 9, ""2_stars"": 11, ""3_stars"": 30, ""4_stars"": 123, ""5_stars"": 844}",,Adidas Store,"[{""size"": ""L""}]",,,{},"{""offer_name"": ""Bank Discount""}","[{""offer_name"": ""No Cost EMI""}]",shoes
56123551,H&M clothing,H&M premium clothing for daily wear,3.6,1696,4134.0,56.0,₹1818,INR,https://media.burford.co.uk/images/SNY04089.jpg_edit.width-2880_JNMp3hpjYtNM3610.jpg,"[""Cash on Delivery"", ""Easy Returns""]","{""description"": ""Comfortable and stylish"", ""material_and_care"": ""Machine wash"", ""size_and_fit"": ""Regular fit""}","[{""name"": ""clothing""}]","[{""specification_name"": ""Brand"", ""specification_value"": ""H&M""}]","{""1_star"": 78, ""2_stars"": 141, ""3_stars"": 131, ""4_stars"": 483, ""5_stars"": 1472}",,H&M Store,"[{""size"": ""M""}]",,,{},"{""offer_name"": ""Bank Discount""}","[{""offer_name"": ""No Cost EMI""}]",clothing
56123552,Reebok shoes,Reebok premium shoes for daily wear,3.9,1330,4320.0,16.0,₹3628,INR,https://images.unsplash.com/photo-1542291026-7eec264c27ff,"[""Cash on Delivery"", ""Easy Returns""]","{""description"": ""Comfortable and stylish"", ""material_and_care"": ""Machine wash"", ""size_and_fit"": ""Regular fit""}","[{""name"": ""shoes""}]","[{""specification_name"": ""Brand"", ""specification_value"": ""Reebok""}]","{""1_star"": 92, ""2_stars"": 16, ""3_stars"": 244, ""4_stars"": 549, ""5_stars"": 1192}",,Reebok Store,"[{""size"": ""M""}]",,,{},"{""offer_name"": ""Bank Discount""}","[{""offer_name"": ""No Cost EMI""}]",shoes
56123553,Adidas shoes,Adidas premium shoes for daily wear,4.1,1633,5738.0,12.0,₹5049,INR,https://images.unsplash.com/photo-1542291026-7eec264c27ff,"[""Cash on Delivery"", ""Easy Returns""]","{""description"": ""Comfortable and stylish"", ""material_and_care"": ""Machine wash"", ""size_and_fit"": ""Regular fit""}","[{""name"": ""shoes""}]","[{""specification_name"": ""Brand"", ""specification_value"": ""Adidas""}]","{""1_star"": 2, ""2_stars"": 155, ""3_stars"": 108, ""4_stars"": 128, ""5_stars"": 1067}",,Adidas Store,"[{""size"": ""43""}]",,,{},"{""offer_name"": ""Bank Discount""}","[{""offer_name"": ""No Cost EMI""}]",shoes
56123554,Zara clothing,Zara premium clothing for daily wear,4.5,1544,5074.0,20.0,₹4059,INR,https://media.burford.co.uk/images/SNY04089.jpg_edit.width-2880_JNMp3hpjYtNM3610.jpg,"[""Cash on Delivery"", ""Easy Returns""]","{""description"": ""Comfortable and stylish"", ""material_and_care"": ""Machine wash"", ""size_and_fit"": ""Regular fit""}","[{""name"": ""clothing""}]","[{""specification_name"": ""Brand"", ""specification_value"": ""Zara""}]","{""1_star"": 52, ""2_stars"": 152, ""3_stars"": 4, ""4_stars"": 393, ""5_stars"": 1384}",,Zara Store,"[{""size"": ""L""}]",,,{},"{""offer_name"": ""Bank Discount""}","[{""offer_name"": ""No Cost EMI""}]",clothing
56123555,Reebok shoes,Reebok premium shoes for daily wear,4.3,131,7033.0,36.0,₹4501,INR,https://images.unsplash.com/photo-1542291026-7eec264c27ff,"[""Cash on Delivery"", ""Easy Returns""]","{""description"": ""Comfortable and stylish"", ""material_and_care"": ""Machine wash"", ""size_and_fit"": ""Regular fit""}","[{""name"": ""shoes""}]","[{""specification_name"": ""Brand"", ""specification_value"": ""Reebok""}]","{""1_star"": 9, ""2_stars"": 7, ""3_stars"": 25, ""4_stars"": 31, ""5_stars"": 96}",,Reebok Store,"[{""size"": ""M""}]",,,{},"{""offer_name"": ""Bank Discount""}","[{""offer_name"": ""No Cost EMI""}]",shoes
